minimize_method,year,success_rate
L-BFGS-B,1990,0.3
L-BFGS-B,1991,0.4
L-BFGS-B,1992,0.4
L-BFGS-B,1993,0.3
L-BFGS-B,1994,0.3
L-BFGS-B,1995,0.5
L-BFGS-B,1996,0.2
L-BFGS-B,1997,0.3
L-BFGS-B,1998,0.3
L-BFGS-B,1999,0.3
L-BFGS-B,2000,0.2
L-BFGS-B,2001,0.3
L-BFGS-B,2002,0.4
L-BFGS-B,2003,0.2
L-BFGS-B,2004,0.7
L-BFGS-B,2005,0.2
L-BFGS-B,2006,0.4
L-BFGS-B,2007,0.3
L-BFGS-B,2008,0.5
L-BFGS-B,2009,0.3
L-BFGS-B,2010,0.5
L-BFGS-B,2011,0.6
L-BFGS-B,2012,0.3
L-BFGS-B,2013,0.4
L-BFGS-B,2014,0.6
L-BFGS-B,2015,0.2
L-BFGS-B,2016,0.5
L-BFGS-B,2017,0.3
L-BFGS-B,2018,0.5
L-BFGS-B,2019,0.3
L-BFGS-B,2020,0.1
