minimize_method,year,success_rate
Powell,1990,0.3
Powell,1991,0.2
Powell,1992,0.4
Powell,1993,0.3
Powell,1994,0.3
Powell,1995,0.5
Powell,1996,0.2
Powell,1997,0.3
Powell,1998,0.4
Powell,1999,0.3
Powell,2000,0.2
Powell,2001,0.3
Powell,2002,0.4
Powell,2003,0.2
Powell,2004,0.7
Powell,2005,0.2
Powell,2006,0.4
Powell,2007,0.3
Powell,2008,0.6
Powell,2009,0.3
Powell,2010,0.5
Powell,2011,0.6
Powell,2012,0.3
Powell,2013,0.4
Powell,2014,0.4
Powell,2015,0.2
Powell,2016,0.4
Powell,2017,0.3
Powell,2018,0.5
Powell,2019,0.2
Powell,2020,0.1
