minimize_method,year,success_rate
Powell,1990,0.41
Powell,1991,0.41
Powell,1992,0.25
Powell,1993,0.33
Powell,1994,0.37
Powell,1995,0.34
Powell,1996,0.4
Powell,1997,0.34
Powell,1998,0.35
Powell,1999,0.35
Powell,2000,0.31
Powell,2001,0.34
Powell,2002,0.35
Powell,2003,0.42
Powell,2004,0.3
Powell,2005,0.34
Powell,2006,0.31
Powell,2007,0.25
Powell,2008,0.34
Powell,2009,0.25
Powell,2010,0.34
Powell,2011,0.32
Powell,2012,0.29
Powell,2013,0.28
Powell,2014,0.32
Powell,2015,0.41
Powell,2016,0.32
Powell,2017,0.32
Powell,2018,0.41
Powell,2019,0.34
Powell,2020,0.3
