minimize_method,year,success_rate
L-BFGS-B,1990,0.29
L-BFGS-B,1991,0.32
L-BFGS-B,1992,0.36
L-BFGS-B,1993,0.28
L-BFGS-B,1994,0.38
L-BFGS-B,1995,0.25
L-BFGS-B,1996,0.41
L-BFGS-B,1997,0.34
L-BFGS-B,1998,0.36
L-BFGS-B,1999,0.34
L-BFGS-B,2000,0.31
L-BFGS-B,2001,0.34
L-BFGS-B,2002,0.38
L-BFGS-B,2003,0.41
L-BFGS-B,2004,0.3
L-BFGS-B,2005,0.35
L-BFGS-B,2006,0.3
L-BFGS-B,2007,0.24
L-BFGS-B,2008,0.33
L-BFGS-B,2009,0.25
L-BFGS-B,2010,0.34
L-BFGS-B,2011,0.33
L-BFGS-B,2012,0.29
L-BFGS-B,2013,0.27
L-BFGS-B,2014,0.32
L-BFGS-B,2015,0.4
L-BFGS-B,2016,0.33
L-BFGS-B,2017,0.32
L-BFGS-B,2018,0.39
L-BFGS-B,2019,0.33
L-BFGS-B,2020,0.29
